{
  "timestamp": "2025-09-05T20:08:14.875952",
  "target_pulsars": [
    "J2145-0750",
    "J1600-3053",
    "J1643-1224",
    "J0613-0200"
  ],
  "frequency_band": [
    1e-09,
    1.0985411419875571e-09,
    1.2067926406393263e-09,
    1.3257113655901108e-09,
    1.4563484775012444e-09,
    1.5998587196060573e-09,
    1.7575106248547893e-09,
    1.9306977288832536e-09,
    2.1209508879201927e-09,
    2.3299518105153718e-09,
    2.559547922699533e-09,
    2.8117686979742253e-09,
    3.088843596477485e-09,
    3.3932217718953295e-09,
    3.727593720314938e-09,
    4.094915062380419e-09,
    4.498432668969453e-09,
    4.941713361323838e-09,
    5.4286754393238595e-09,
    5.9636233165946364e-09,
    6.551285568595496e-09,
    7.1968567300115284e-09,
    7.906043210907702e-09,
    8.68511373751352e-09,
    9.540954763499924e-09,
    1.0481131341546852e-08,
    1.1513953993264482e-08,
    1.2648552168552958e-08,
    1.389495494373136e-08,
    1.5264179671752334e-08,
    1.6768329368110067e-08,
    1.8420699693267162e-08,
    2.0235896477251556e-08,
    2.2229964825261957e-08,
    2.4420530945486498e-08,
    2.682695795279727e-08,
    2.9470517025518096e-08,
    3.23745754281764e-08,
    3.556480306223129e-08,
    3.906939937054613e-08,
    4.291934260128778e-08,
    4.71486636345739e-08,
    5.1794746792312124e-08,
    5.689866029018293e-08,
    6.250551925273976e-08,
    6.866488450042998e-08,
    7.543120063354607e-08,
    8.286427728546843e-08,
    9.102981779915227e-08,
    1e-07
  ],
  "coherence_result": {
    "coherence_score": 0.96,
    "phase_std": [
      0.0,
      0.0,
      0.0,
      0.0,
      0.0,
      0.0,
      0.0,
      0.0,
      0.0,
      0.0,
      0.0,
      0.0,
      0.0,
      0.0,
      0.0,
      0.0,
      0.0,
      0.0,
      0.0,
      0.0,
      0.0,
      0.0,
      0.0,
      0.0,
      0.0,
      0.0,
      0.0,
      0.0,
      0.0,
      0.0,
      0.0,
      0.0,
      0.0,
      0.0,
      0.0,
      0.0,
      0.0,
      1.480960979386122,
      0.0,
      0.0,
      0.0,
      0.0,
      0.0,
      0.0,
      0.0,
      1.480960979386122,
      0.0,
      0.0,
      0.0,
      0.0
    ],
    "phase_mean": [
      0.0,
      0.0,
      0.0,
      0.0,
      0.0,
      0.0,
      0.0,
      0.0,
      0.0,
      0.0,
      0.0,
      0.0,
      0.0,
      0.0,
      0.0,
      0.0,
      0.0,
      0.0,
      0.0,
      0.0,
      0.0,
      0.0,
      0.0,
      0.0,
      0.0,
      0.0,
      0.0,
      0.0,
      0.0,
      0.0,
      0.0,
      0.0,
      0.0,
      0.0,
      0.0,
      0.0,
      0.0,
      1.0471975511965976,
      0.0,
      0.0,
      0.0,
      0.0,
      0.0,
      0.0,
      0.0,
      1.0471975511965976,
      0.0,
      0.0,
      0.0,
      0.0
    ],
    "coherent_frequencies": 